[
  {
    "bookId": 1,
    "bookName": "The Great Gatsby",
    "author": "F. Scott Fitzgerald",
    "image": "https://i.ibb.co/vJbvP39/Great-Gatsby.jpg",
    "review": "A timeless classic capturing the essence of the Jazz Age with its intricate portrayal of wealth, love, and the American Dream. The characters are vividly drawn, and the prose is rich with symbolism, making it a must-read for anyone interested in exploring the complexities of human nature.",
    "totalPages": 180,
    "rating": 4.5,
    "category": "Fiction",
    "tags": ["Classic", "Romance", "Drama"],
    "publisher": "Scribner",
    "yearOfPublishing": 1925
  },
  {
    "bookId": 2,
    "bookName": "1984",
    "author": "George Orwell",
    "image": "https://i.ibb.co/9bvwPf2/1984.jpg",
    "review": "A chilling dystopian novel that explores the dangers of totalitarianism and the erosion of individual freedom. Orwell's depiction of a surveillance state is eerily prescient, and his examination of the manipulation of truth remains relevant in today's world. A thought-provoking read that stays with you long after you've turned the final page.",
    "totalPages": 328,
    "rating": 4.8,
    "category": "Science Fiction",
    "tags": ["Dystopian", "Political", "Social Commentary"],
    "publisher": "Secker & Warburg",
    "yearOfPublishing": 1949
  },
  {
    "bookId": 3,
    "bookName": "To Kill a Mockingbird",
    "author": "Harper Lee",
    "image": "https://i.ibb.co/7W2xtDp/Mockingbird.jpg",
    "review": "A profound narrative tackling themes of racism, injustice, and morality through the eyes of a young girl in the Deep South. Harper Lee's storytelling is both compelling and compassionate, drawing readers into the struggles of its characters and the complexities of the society they inhabit.",
    "totalPages": 281,
    "rating": 4.7,
    "category": "Fiction",
    "tags": ["Coming-of-age", "Social Issues", "Legal Drama"],
    "publisher": "J. B. Lippincott & Co.",
    "yearOfPublishing": 1960
  },
  {
    "bookId": 4,
    "bookName": "The Catcher in the Rye",
    "author": "J.D. Salinger",
    "image": "https://i.ibb.co/1fcyztc/The-Catcher.jpg",
    "review": "A poignant exploration of teenage angst and alienation that continues to resonate with readers across generations. Holden Caulfield's voice is authentic and raw, offering insights into the struggles of adolescence and the search for identity. Salinger's prose is both heartbreaking and humorous, making this a classic coming-of-age tale that remains as relevant today as it was upon its release.",
    "totalPages": 224,
    "rating": 4.6,
    "category": "Fiction",
    "tags": ["Coming-of-age", "Identity", "Rebellion"],
    "publisher": "Little, Brown and Company",
    "yearOfPublishing": 1951
  },
  {
    "bookId": 5,
    "bookName": "The Hobbit",
    "author": "J.R.R. Tolkien",
    "image": "https://i.ibb.co/NmQQHMM/The-Hobbit.jpg",
    "review": "An enchanting adventure set in Middle-earth, filled with captivating characters and breathtaking landscapes. Tolkien's world-building is unparalleled, immersing readers in a fantastical realm where the line between good and evil is blurred. The journey of Bilbo Baggins is one of courage, friendship, and self-discovery, making The Hobbit a timeless classic for readers of all ages.",
    "totalPages": 310,
    "rating": 4.9,
    "category": "Fantasy",
    "tags": ["Adventure", "Quest", "Epic"],
    "publisher": "Allen & Unwin",
    "yearOfPublishing": 1937
  },
  {
    "bookId": 6,
    "bookName": "Pride and Prejudice",
    "author": "Jane Austen",
    "image": "https://i.ibb.co/3zGFcBX/Pride.jpg",
    "review": "A timeless romance marked by wit and social commentary, exploring the complexities of love and societal expectations. Austen's characters are vibrant and multifaceted, and her exploration of class and gender dynamics is as relevant today as it was in the 19th century. Pride and Prejudice is a delightful comedy of manners that continues to captivate readers with its sparkling dialogue and timeless themes.",
    "totalPages": 279,
    "rating": 4.7,
    "category": "Fiction",
    "tags": ["Romance", "Classic", "Satire"],
    "publisher": "T. Egerton, Whitehall",
    "yearOfPublishing": 1813
  }
]
